table_name,column_name,data_type,type_name,column_size,nullable,ordinal_position,default_value,remarks
A_00_Clase_Vehículo,Id_Clase_Vehículo,4,COUNTER,10,False,1,,
A_00_Clase_Vehículo,Clase_Vehículo,-9,VARCHAR,255,True,2,,
A_00_Clase_Vehículo,Tipo_MR,-9,VARCHAR,255,True,3,,
A_00_Clase_Vehículo,Marca_MR,-9,VARCHAR,255,True,4,,
A_00_Clase_Vehículo,Modelo_MR,-9,VARCHAR,255,True,5,,
A_00_Clase_Vehículo,Línea,-9,VARCHAR,255,True,6,,
A_00_Coches,Id_Coches,4,COUNTER,10,False,1,,
A_00_Coches,Coche,4,INTEGER,10,True,2,,
A_00_Coches,Ubicación,-9,VARCHAR,255,True,3,,
A_00_Coches,Descripción,-9,VARCHAR,255,True,4,,
A_00_Coches,Clase_Vehículo,4,INTEGER,10,True,5,,
A_00_Coches,Posición,-9,VARCHAR,255,True,6,,
A_00_Estado_Habilitación,Id_Hab,4,COUNTER,10,False,1,,
A_00_Estado_Habilitación,Habilitación,-9,VARCHAR,255,True,2,,
A_00_Estado_Habilitación,Módulo,-9,VARCHAR,255,True,3,,
A_00_Estado_Habilitación,Inspección_Previa,93,DATETIME,19,True,4,,
A_00_Estado_Habilitación,Inspección_Estática,93,DATETIME,19,True,5,,
A_00_Estado_Habilitación,Ensayo_Dinámico,93,DATETIME,19,True,6,,
A_00_Estado_Habilitación,Estado,-9,VARCHAR,255,True,7,,
A_00_Estado_Habilitación,Observaciones,-9,VARCHAR,255,True,8,,
A_00_Estado_Habilitación,kilometraje,4,INTEGER,10,True,9,,
A_00_Estado_Habilitación,OT-Simaf,-9,VARCHAR,255,True,10,,
A_00_Estado_Habilitación,Certificados,-7,BIT,1,False,11,,
A_00_Formaciones,Id_Formaciones,4,COUNTER,10,False,1,,
A_00_Formaciones,Formaciones,-9,VARCHAR,255,True,2,,
A_00_Formaciones,Clase_Vehículo,-9,VARCHAR,255,True,3,,
A_00_Kilometrajes,Id_Kilometrajes,4,COUNTER,10,False,1,,
A_00_Kilometrajes,Módulo,4,INTEGER,10,True,2,,
A_00_Kilometrajes,kilometraje,4,INTEGER,10,True,3,,
A_00_Kilometrajes,Fecha,93,DATETIME,19,True,4,,
A_00_Módulos,Id_Módulos,4,COUNTER,10,False,1,,
A_00_Módulos,Módulos,-9,VARCHAR,255,True,2,,
A_00_Módulos,Clase_Vehículos,4,INTEGER,10,True,3,,
A_00_Módulos,Cabina,-9,VARCHAR,255,True,4,,
A_00_Observaciones,Id,4,INTEGER,10,True,1,,
A_00_Observaciones,Observaciones,-9,VARCHAR,255,True,2,,
A_00_OT_Simaf,Id_OT_Simaf,4,COUNTER,10,False,1,,
A_00_OT_Simaf,OT_Simaf,-9,VARCHAR,255,True,2,,
A_00_OT_Simaf,Módulo,4,INTEGER,10,True,3,,
A_00_OT_Simaf,Ingreso,-9,VARCHAR,255,True,4,,
A_00_OT_Simaf,Tipo_Tarea,-9,VARCHAR,255,True,5,,
A_00_OT_Simaf,Tarea,-9,VARCHAR,255,True,6,,
A_00_OT_Simaf,Km,4,INTEGER,10,True,7,,
A_00_OT_Simaf,Fecha_Inicio,93,DATETIME,19,True,8,,
A_00_OT_Simaf,Fecha_Fin,93,DATETIME,19,True,9,,
A_00_Próxima_Tarea,Id_Próxima_Tarea,4,INTEGER,10,True,1,,
A_00_Próxima_Tarea,Tarea,-9,VARCHAR,255,True,2,,
A_00_Próxima_Tarea,Próxima_Tarea,-9,VARCHAR,255,True,3,,
A_00_Próxima_Tarea,Km_entre_Tareas,8,DOUBLE,53,True,4,,
A_00_Próxima_Tarea,Tiempo_entre_Tareas,8,DOUBLE,53,True,5,,
A_00_Próxima_Tarea,Km_resguardo,8,DOUBLE,53,True,6,,
A_00_Próxima_Tarea,Tareas_Para,-9,VARCHAR,255,True,7,,
A_00_Próxima_Tarea,ORDEN,-9,VARCHAR,255,True,8,,
A_00_Tareas,Id_Tareas,4,COUNTER,10,False,1,,
A_00_Tareas,Ingreso,-9,VARCHAR,255,True,2,,
A_00_Tareas,Tipo_Tarea,-9,VARCHAR,255,True,3,,
A_00_Tareas,Tarea,-9,VARCHAR,255,True,4,,
A_00_Tareas,Descripción,-9,VARCHAR,255,True,5,,
A_00_Tareas,Clase_Vehículo,4,INTEGER,10,True,6,,
A_00_Tareas,Datos,-9,VARCHAR,255,True,7,,
A_01_Grupos,Id_Grupos,4,COUNTER,10,False,1,,
A_01_Grupos,Grupos,-9,VARCHAR,255,True,2,,
A_01_Grupos,Sub_Gurpos,-9,VARCHAR,255,True,3,,
A_01_Grupos,Clase_Vehículo,4,INTEGER,10,True,4,,
A_01_Lista_Materiales,Id_Materiales,4,COUNTER,10,False,1,,
A_01_Lista_Materiales,Material,-9,VARCHAR,255,True,2,,
A_01_Remplazo_Materiales,Id_Remplazo_Materiales,4,COUNTER,10,False,1,,
A_01_Remplazo_Materiales,Remplazo,-9,VARCHAR,255,True,2,,
A_01_Remplazo_Materiales,Material,4,INTEGER,10,True,3,,
A_01_Remplazo_Materiales,Cantidad,4,INTEGER,10,True,4,,
A_01_Remplazo_Materiales,Estado,-9,VARCHAR,255,True,5,,
A_01_Remplazo_Materiales,Módulo,4,INTEGER,10,True,6,,
A_01_Remplazo_Materiales,Coche,-9,VARCHAR,255,True,7,,
A_01_Remplazo_Materiales,kilometraje,4,INTEGER,10,True,8,,
A_01_Remplazo_Materiales,Fecha,93,DATETIME,19,True,9,,
A_01_Remplazo_Materiales,Intervención,-9,VARCHAR,255,True,10,,
A_01_Remplazo_Materiales,OT_Simaf,-9,VARCHAR,255,True,11,,
A_01_Remplazo_Materiales,Observación,-9,VARCHAR,255,True,12,,
A_01_Tipo_Novedad,Id_Tipo_Novedad,4,COUNTER,10,False,1,,
A_01_Tipo_Novedad,Tipo_Novedad,-9,VARCHAR,255,True,2,,
A_01_Tipo_Novedad,Motivo_Novedad,-9,VARCHAR,255,True,3,,
A_01_Tipo_Novedad,Clase_Vehículo,4,INTEGER,10,True,4,,
A_08_Organos_Parque,Id_OGP,4,COUNTER,10,False,1,,
A_08_Organos_Parque,Organo_Parque,-9,VARCHAR,50,True,2,,
A_08_Organos_Parque,Número,-9,VARCHAR,255,True,3,,
A_08_Organos_Parque,Clase_Vehículo,-9,VARCHAR,255,True,4,,
A_12_Accidentales_Anexar,Id,4,COUNTER,10,False,1,,
A_12_Accidentales_Anexar,Formación,-9,VARCHAR,255,True,2,,
A_12_Accidentales_Anexar,Módulo,-9,VARCHAR,255,True,3,,
A_12_Accidentales_Anexar,Coche,4,INTEGER,10,True,4,,
A_12_Accidentales_Anexar,Tipo de trabajo,-9,VARCHAR,255,True,5,,
A_12_Accidentales_Anexar,Fecha,93,DATETIME,19,True,6,,
A_12_Accidentales_Anexar,Tarea a realizar,-9,VARCHAR,255,True,7,,
A_12_Accidentales_Anexar,Trabajo realizado por GOP,-10,LONGCHAR,1073741823,True,8,,
A_12_Accidentales_Anexar,Sector,-9,VARCHAR,255,True,9,,
A_12_Accidentales_Anexar,OT,-9,VARCHAR,255,True,10,,
A_12_Accidentales_Anexar,Tipo de tarea,-9,VARCHAR,255,True,11,,
A_12_Accidentales_Anexar,Tareas realizadas,-10,LONGCHAR,1073741823,True,12,,
A_12_Accidentales_Anexar,OT SIMAF,-9,VARCHAR,255,True,13,,
A_12_Accidentales_Anexar,Resolución,-9,VARCHAR,255,True,14,,
A_12_Accidentales_Anexar,Ticket,8,DOUBLE,53,True,15,,
A_12_Accidentales_Anexar,ID tarea,8,DOUBLE,53,True,16,,
A_12_Accidentales_Anexar,Tipo MR,-9,VARCHAR,255,True,17,,
A_12_Accidentales_Anexar,Archivo,-7,BIT,1,False,18,,
A_12_Accidentales_Tabla,Id,4,COUNTER,10,False,1,,
A_12_Accidentales_Tabla,Formación,-9,VARCHAR,255,True,2,,
A_12_Accidentales_Tabla,Módulo,-9,VARCHAR,255,True,3,,
A_12_Accidentales_Tabla,Coche,4,INTEGER,10,True,4,,
A_12_Accidentales_Tabla,Tipo de trabajo,-9,VARCHAR,255,True,5,,
A_12_Accidentales_Tabla,Fecha,93,DATETIME,19,True,6,,
A_12_Accidentales_Tabla,Tarea a realizar,-10,LONGCHAR,1073741823,True,7,,
A_12_Accidentales_Tabla,Trabajo realizado por GOP,-9,VARCHAR,255,True,8,,
A_12_Accidentales_Tabla,Sector,-9,VARCHAR,255,True,9,,
A_12_Accidentales_Tabla,OT,-9,VARCHAR,255,True,10,,
A_12_Accidentales_Tabla,Tipo de tarea,-9,VARCHAR,255,True,11,,
A_12_Accidentales_Tabla,Tareas realizadas,-10,LONGCHAR,1073741823,True,12,,
A_12_Accidentales_Tabla,OT SIMAF,-9,VARCHAR,255,True,13,,
A_12_Accidentales_Tabla,Resolución,8,DOUBLE,53,True,14,,
A_12_Accidentales_Tabla,Ticket,8,DOUBLE,53,True,15,,
A_12_Accidentales_Tabla,ID tarea,8,DOUBLE,53,True,16,,
A_12_Accidentales_Tabla,Tipo MR,-9,VARCHAR,255,True,17,,
A_12_Accidentales_Tabla,Archivo,-7,BIT,1,False,18,,
A_14_Cambio_Coches,Id_Cambio_Coches,4,COUNTER,10,False,1,,
A_14_Cambio_Coches,Módulo,4,INTEGER,10,True,2,,
A_14_Cambio_Coches,Coches,4,INTEGER,10,True,3,,
A_14_Cambio_Coches,Fecha,93,DATETIME,19,True,4,,
A_14_Cambio_Coches,Descripción,-9,VARCHAR,255,True,5,,
A_14_Cambio_Módulos,Id_Cambio_Módulos,4,COUNTER,10,False,1,,
A_14_Cambio_Módulos,Módulos,4,INTEGER,10,True,2,,
A_14_Cambio_Módulos,Formaciones,4,INTEGER,10,True,3,,
A_14_Cambio_Módulos,Cabina,-9,VARCHAR,255,True,4,,
A_14_Cambio_Módulos,Fecha,93,DATETIME,19,True,5,,
A_15_Lavados,Id_Lavado,4,COUNTER,10,False,1,,
A_15_Lavados,Formación,-9,VARCHAR,255,True,2,,
A_15_Lavados,Fecha,93,DATETIME,19,True,3,,
A_15_Lavados,Depósito,-9,VARCHAR,255,True,4,,
A_15_Lavados,Turno,-9,VARCHAR,255,True,5,,
A_15_Lavados,Intervención,-9,VARCHAR,255,True,6,,
A_17_Módulos_Bajo_Seguimiento,Id_Mod_Seguimiento,4,INTEGER,10,True,1,,
A_17_Módulos_Bajo_Seguimiento,Módulo,4,INTEGER,10,True,2,,
A_17_Módulos_Bajo_Seguimiento,Fecha,93,DATETIME,19,True,3,,
A_17_Módulos_Bajo_Seguimiento,Información Adicional,-9,VARCHAR,255,True,4,,
A_17_Seguimientos,Id_Seguimientos,4,COUNTER,10,False,1,,
A_17_Seguimientos,Nombre,-9,VARCHAR,255,True,2,,
A_17_Seguimientos,Descripción,-9,VARCHAR,255,True,3,,
A_17_Seguimientos,Tarea_a_Realizar,-9,VARCHAR,255,True,4,,
A_17_Seguimientos,Frecuencia,4,INTEGER,10,True,5,,
A_17_Seguimientos,Tipo,-9,VARCHAR,255,True,6,,
A_17_Seguimientos,Fecha_Inicio,93,DATETIME,19,True,7,,
A_17_Seguimientos,Fecha_Fin,93,DATETIME,19,True,8,,
A_17_Seguimientos,Documentos_Relacionados,-9,VARCHAR,255,True,9,,
A_17_Seguimientos,Estado,-9,VARCHAR,255,True,10,,
A_17_Seguimientos,Notas Finales,-9,VARCHAR,255,True,11,,
A_30_Matafuefos,Id,4,COUNTER,10,False,1,,
A_30_Matafuefos,N_Serie,-9,VARCHAR,255,True,2,,
A_30_Matafuefos,Ubición,-9,VARCHAR,255,True,3,,N° de módulo o Almacen o Depósito   ೀ䎧ȫ 㩐䢵ȫ         @   /      呹
A_30_Matafuefos,Módulo,4,INTEGER,10,True,4,,
A_30_Matafuefos,Estado,-9,VARCHAR,255,True,5,,
A_30_Matafuefos,Tipo,-9,VARCHAR,255,True,6,,
A_30_Matafuefos,Mes,-9,VARCHAR,255,True,7,,
A_30_Matafuefos,Año,4,INTEGER,10,True,8,,
A_30_Matafuefos,Vencimiento,-9,VARCHAR,243,True,9,,
A_30_Matafuefos,Observaciones,-9,VARCHAR,255,True,10,,
A_31_Descarga_Eventos,Id_Descarga_Eventos,4,COUNTER,10,False,1,,
A_31_Descarga_Eventos,Formación,-9,VARCHAR,255,True,2,,
A_31_Descarga_Eventos,Fecha,93,DATETIME,19,True,3,,
A_31_Descarga_Eventos,Observación,-9,VARCHAR,255,True,4,,
A_31_Descarga_Eventos,Registro,93,DATETIME,19,True,5,,
A_32_Medición_Torno_Semestral,Id_MED_TOR,4,COUNTER,10,False,1,,
A_32_Medición_Torno_Semestral,Módulo,4,INTEGER,10,True,2,,
A_32_Medición_Torno_Semestral,Tarea,-9,VARCHAR,255,True,3,,
A_32_Medición_Torno_Semestral,kilometraje,4,INTEGER,10,True,4,,
A_32_Medición_Torno_Semestral,Fecha,93,DATETIME,19,True,5,,
A_32_Medición_Torno_Semestral,OT-Simaf,-9,VARCHAR,255,True,6,,
A_32_Medición_Torno_Semestral,Observación,-10,LONGCHAR,1073741823,True,7,,
A_40_Auditoria de Documentos,Id,4,COUNTER,10,False,1,,
A_40_Auditoria de Documentos,Fecha_Recepción,93,DATETIME,19,True,2,,
A_40_Auditoria de Documentos,Und_Mantenimiento,-9,VARCHAR,255,True,3,,
A_40_Auditoria de Documentos,Cantidad,4,INTEGER,10,True,4,,
A_40_Auditoria de Documentos,Intervención,-9,VARCHAR,255,True,5,,
A_40_Auditoria de Documentos,Fecha_Intervención,93,DATETIME,19,True,6,,
A_40_Auditoria de Documentos,Fecha_Reingreso,93,DATETIME,19,True,7,,
A_40_Auditoria de Documentos,FIRMAS,-9,VARCHAR,255,True,8,,
A_40_Auditoria de Documentos,Campos vacios,-9,VARCHAR,255,True,9,,
A_40_Auditoria de Documentos,FECHAS,-9,VARCHAR,255,True,10,,
A_40_Auditoria de Documentos,VALORES,-9,VARCHAR,255,True,11,,
A_40_Auditoria de Documentos,Km,-9,VARCHAR,255,True,12,,
A_40_Auditoria de Documentos,DATOS ANULADOS,-9,VARCHAR,255,True,13,,
A_40_Auditoria de Documentos,Entregada fuera de término,-9,VARCHAR,255,True,14,,
A_40_Auditoria de Documentos,SIMAF Abierto,-9,VARCHAR,255,True,15,,
A_40_Auditoria de Documentos,Observaciones1,-10,LONGCHAR,1073741823,True,16,,
A_40_Auditoria de Documentos,OBSERVACIONES2,-10,LONGCHAR,1073741823,True,17,,
A_40_Auditoria de Documentos,RESPONSABLE,-9,VARCHAR,255,True,18,,
A_40_Auditoria de Documentos,Campo1,-9,VARCHAR,255,True,19,,
B_01_Materiales,Id_Mat_Toshiba,4,INTEGER,10,True,1,,
B_01_Materiales,NGA,4,INTEGER,10,True,2,,
B_01_Materiales,Cantidad,4,INTEGER,10,True,3,,
B_01_Novedades,Id,4,INTEGER,10,True,1,,
B_01_Novedades,Coche,-9,VARCHAR,255,True,2,,
B_01_Novedades,Novedad,-9,VARCHAR,255,True,3,,
B_01_Novedades,Grupo,-9,VARCHAR,255,True,4,,
B_01_Novedades,Sub_Grupo,-9,VARCHAR,255,True,5,,
B_01_Novedades,Tipo_Novedad,-9,VARCHAR,255,True,6,,
B_01_Novedades,Motivo_Novedad,-9,VARCHAR,255,True,7,,
B_01_Novedades,OT_Resolución,-9,VARCHAR,255,True,8,,
B_01_Novedades,Fecha_Resolución,93,DATETIME,19,True,9,,
B_01_Novedades,Id_Nov_Mat,4,COUNTER,10,False,10,,
B_02_Mantenimientos,Id_Mantenimientos,4,INTEGER,10,True,1,,
B_02_Mantenimientos,Tarea,-9,VARCHAR,255,True,2,,
B_02_Mantenimientos,Observaciones,-9,VARCHAR,255,True,3,,
B_03_Actuaciones_VBC,Id_VCB,4,INTEGER,10,True,1,,
B_03_Actuaciones_VBC,Mantenimiento,-9,VARCHAR,255,True,2,,
B_03_Actuaciones_VBC,Actuaciones,4,INTEGER,10,True,3,,
B_04_Compresor_Toshiba,Id_CM_Toshiba,4,INTEGER,10,True,1,,
B_04_Compresor_Toshiba,Compresor,-9,VARCHAR,255,True,2,,
B_04_Compresor_Toshiba,Horas,4,INTEGER,10,True,3,,
B_04_Compresor_Toshiba,Nivel de Aceite,7,REAL,24,True,4,,
B_04_Compresor_Toshiba,Perdidas,-9,VARCHAR,255,True,5,,
B_04_Compresor_Toshiba,Agregado_Aceite,7,REAL,24,True,6,,
B_04_Compresor_Toshiba,Observaciones,-9,VARCHAR,255,True,7,,
B_05_Punta_de_Eje,Id_Punta_Eje,4,INTEGER,10,True,1,,
B_05_Punta_de_Eje,Tarea,-9,VARCHAR,255,True,2,,
B_05_Punta_de_Eje,Coche,4,INTEGER,10,True,3,,
B_05_Punta_de_Eje,Bogie1,4,INTEGER,10,True,4,,
B_05_Punta_de_Eje,Bogie2,4,INTEGER,10,True,5,,
B_06_Pastilla_Freno_Mínima,Id_Pastilla_Freno,4,INTEGER,10,True,1,,
B_06_Pastilla_Freno_Mínima,Tarea,-9,VARCHAR,255,True,2,,
B_06_Pastilla_Freno_Mínima,N°,7,REAL,24,True,3,,
B_06_Pastilla_Freno_Mínima,Medida_Tomada,4,INTEGER,10,True,4,,
B_06_Pastilla_Freno_Mínima,Cambio,-9,VARCHAR,255,True,5,,
B_07_Placa_Pantógrafo,Id_Placa_Pantógrafo,4,INTEGER,10,True,1,,
B_07_Placa_Pantógrafo,Tarea,-9,VARCHAR,255,True,2,,
B_07_Placa_Pantógrafo,Medida_N1,7,REAL,24,True,3,,
B_07_Placa_Pantógrafo,Cambio,-9,VARCHAR,255,True,4,,
B_07_Placa_Pantógrafo,Motivo,-9,VARCHAR,255,True,5,,
B_08_Organos_Parque,Id_Organos_Parque_Toshiba,4,INTEGER,10,True,1,,
B_08_Organos_Parque,Tarea,-9,VARCHAR,255,True,2,,
B_08_Organos_Parque,Organo_Parque,-9,VARCHAR,50,True,3,,
B_08_Organos_Parque,Coche,4,INTEGER,10,True,4,,
B_08_Organos_Parque,Posición,-9,VARCHAR,255,True,5,,
B_08_Organos_Parque,Número,-9,VARCHAR,255,True,6,,
B_08_Organos_Parque,Observaciones,-9,VARCHAR,255,True,7,,
B_09_Ensayo_Ultrasonido,Id_US_Toshiba,4,INTEGER,10,True,1,,
B_09_Ensayo_Ultrasonido,Tarea,-9,VARCHAR,255,True,2,,
B_09_Ensayo_Ultrasonido,Motivo,-9,VARCHAR,255,True,3,,
B_09_Ensayo_Ultrasonido,Realizado_por,-9,VARCHAR,255,True,4,,
B_09_Ensayo_Ultrasonido,Completo,-9,VARCHAR,255,True,5,,
B_09_Ensayo_Ultrasonido,Observaciones,-9,VARCHAR,255,True,6,,
B_10_Rodados,Id_Rodados,4,INTEGER,10,True,1,,
B_10_Rodados,R7_Motriz_Cab,4,INTEGER,10,True,2,,
B_10_Rodados,R3_Remolcado,4,INTEGER,10,True,3,,
B_10_Rodados,Rodado_Acople,4,INTEGER,10,True,4,,"Promedio de Bogie 1, para controlar tolerancias de Acople      呹ȫ 釻탴翾    돇໕翿  䎧ȫ        审໕翿 鬀䣐ȫ 崞ª         鬀䣐"
B_10_Rodados,Motivo,-9,VARCHAR,255,True,5,,
B_10_Rodados,Estado,-9,VARCHAR,255,True,6,,
B_19_Altura_Acople,Id_Acople_Perno,4,COUNTER,10,False,1,,
B_19_Altura_Acople,Fecha_Inspección,93,DATETIME,19,True,2,,
B_19_Altura_Acople,Coche1-A,4,INTEGER,10,True,3,,
B_19_Altura_Acople,Coche1-B,4,INTEGER,10,True,4,,
B_19_Altura_Acople,Dif_Coche_1-2,4,INTEGER,10,True,5,,
B_19_Altura_Acople,Coche2-A,4,INTEGER,10,True,6,,
B_19_Altura_Acople,Coche2-B,4,INTEGER,10,True,7,,
B_19_Altura_Acople,Dif_Coche_2-3,4,INTEGER,10,True,8,,
B_19_Altura_Acople,Coche3-A,4,INTEGER,10,True,9,,
B_19_Altura_Acople,Coche3-B,4,INTEGER,10,True,10,,
B_19_Altura_Acople,Dif_Coche_3-4,4,INTEGER,10,True,11,,
B_19_Altura_Acople,Coche4-A,4,INTEGER,10,True,12,,
B_19_Altura_Acople,Coche4-B,4,INTEGER,10,True,13,,
B_19_Altura_Acople,Dif_Coche_4-5,4,INTEGER,10,True,14,,
B_19_Altura_Acople,Coche5-A,4,INTEGER,10,True,15,,
B_19_Altura_Acople,Coche5-B,4,INTEGER,10,True,16,,
B_19_Altura_Acople,Dif_Coche_5-6,4,INTEGER,10,True,17,,
B_19_Altura_Acople,Coche6-A,4,INTEGER,10,True,18,,
B_19_Altura_Acople,Coche6-B,4,INTEGER,10,True,19,,
B_19_Altura_Acople,Dif_Coche_6-7,4,INTEGER,10,True,20,,
B_19_Altura_Acople,Coche7-A,4,INTEGER,10,True,21,,
B_19_Altura_Acople,Coche7-B,4,INTEGER,10,True,22,,
B_19_Altura_Acople,Formación,-9,VARCHAR,255,True,23,,
B_19_Altura_Acople,CabinaB,-9,VARCHAR,255,True,24,,
B_19_Altura_Acople,CabinaA,-9,VARCHAR,255,True,25,,
B_19_Altura_Acople,Coche1,4,INTEGER,10,True,26,,
B_19_Altura_Acople,Coche2,4,INTEGER,10,True,27,,
B_19_Altura_Acople,Coche3,4,INTEGER,10,True,28,,
B_19_Altura_Acople,Coche4,4,INTEGER,10,True,29,,
B_19_Altura_Acople,Coche5,4,INTEGER,10,True,30,,
B_19_Altura_Acople,Coche6,4,INTEGER,10,True,31,,
B_19_Altura_Acople,Coche7,4,INTEGER,10,True,32,,
B_19_Altura_Acople,NarizA-B,4,INTEGER,10,True,33,,
B_19_Altura_Acople,NarizB-B,4,INTEGER,10,True,34,,
B_19_Altura_Acople,NarizA-A,-9,VARCHAR,255,True,35,,
B_19_Altura_Acople,NarizB-A,-9,VARCHAR,255,True,36,,
B_19_Altura_Acople,Dif_Nariz,8,DOUBLE,53,True,37,,
B_20_Escobillas_MT,Id_Escobillas,4,INTEGER,10,True,1,,
B_20_Escobillas_MT,Tarea,-9,VARCHAR,255,True,2,,
B_20_Escobillas_MT,Coche,4,INTEGER,10,True,3,,
B_20_Escobillas_MT,MT1_Número,-9,VARCHAR,255,True,4,,
B_20_Escobillas_MT,Escobilla1_MT1,4,INTEGER,10,True,5,,
B_20_Escobillas_MT,Escobilla2_MT1,4,INTEGER,10,True,6,,
B_20_Escobillas_MT,Escobilla3_MT1,4,INTEGER,10,True,7,,
B_20_Escobillas_MT,Escobilla4_MT1,4,INTEGER,10,True,8,,
B_20_Escobillas_MT,Escobilla5_MT1,4,INTEGER,10,True,9,,
B_20_Escobillas_MT,Escobilla6_MT1,4,INTEGER,10,True,10,,
B_20_Escobillas_MT,Escobilla7_MT1,4,INTEGER,10,True,11,,
B_20_Escobillas_MT,Escobilla8_MT1,4,INTEGER,10,True,12,,
B_20_Escobillas_MT,N_Precinto_Tapa_Superior_MT1,4,INTEGER,10,True,13,,
B_20_Escobillas_MT,N_Precinto_Tapa_Inferior_MT1,4,INTEGER,10,True,14,,
B_20_Escobillas_MT,MT2_Número,-9,VARCHAR,255,True,15,,
B_20_Escobillas_MT,Escobilla1_MT2,4,INTEGER,10,True,16,,
B_20_Escobillas_MT,Escobilla2_MT2,4,INTEGER,10,True,17,,
B_20_Escobillas_MT,Escobilla3_MT2,4,INTEGER,10,True,18,,
B_20_Escobillas_MT,Escobilla4_MT2,4,INTEGER,10,True,19,,
B_20_Escobillas_MT,Escobilla5_MT2,4,INTEGER,10,True,20,,
B_20_Escobillas_MT,Escobilla6_MT2,4,INTEGER,10,True,21,,
B_20_Escobillas_MT,Escobilla7_MT2,4,INTEGER,10,True,22,,
B_20_Escobillas_MT,Escobilla8_MT2,4,INTEGER,10,True,23,,
B_20_Escobillas_MT,N_Precinto_Tapa_Superior_MT2,4,INTEGER,10,True,24,,
B_20_Escobillas_MT,N_Precinto_Tapa_Inferior_MT2,4,INTEGER,10,True,25,,
B_20_Escobillas_MT,MT3_Número,-9,VARCHAR,255,True,26,,
B_20_Escobillas_MT,Escobilla1_MT3,4,INTEGER,10,True,27,,
B_20_Escobillas_MT,Escobilla2_MT3,4,INTEGER,10,True,28,,
B_20_Escobillas_MT,Escobilla3_MT3,4,INTEGER,10,True,29,,
B_20_Escobillas_MT,Escobilla4_MT3,4,INTEGER,10,True,30,,
B_20_Escobillas_MT,Escobilla5_MT3,4,INTEGER,10,True,31,,
B_20_Escobillas_MT,Escobilla6_MT3,4,INTEGER,10,True,32,,
B_20_Escobillas_MT,Escobilla7_MT3,4,INTEGER,10,True,33,,
B_20_Escobillas_MT,Escobilla8_MT3,4,INTEGER,10,True,34,,
B_20_Escobillas_MT,N_Precinto_Tapa_Superior_MT3,4,INTEGER,10,True,35,,
B_20_Escobillas_MT,N_Precinto_Tapa_Inferior_MT3,4,INTEGER,10,True,36,,
B_20_Escobillas_MT,MT4_Número,-9,VARCHAR,255,True,37,,
B_20_Escobillas_MT,Escobilla1_MT4,4,INTEGER,10,True,38,,
B_20_Escobillas_MT,Escobilla2_MT,4,INTEGER,10,True,39,,
B_20_Escobillas_MT,Escobilla3_MT4,4,INTEGER,10,True,40,,
B_20_Escobillas_MT,Escobilla4_MT4,4,INTEGER,10,True,41,,
B_20_Escobillas_MT,Escobilla5_MT4,4,INTEGER,10,True,42,,
B_20_Escobillas_MT,Escobilla6_MT4,4,INTEGER,10,True,43,,
B_20_Escobillas_MT,Escobilla7_MT4,4,INTEGER,10,True,44,,
B_20_Escobillas_MT,Escobilla8_MT4,4,INTEGER,10,True,45,,
B_20_Escobillas_MT,N_Precinto_Tapa_Superior_MT4,4,INTEGER,10,True,46,,
B_20_Escobillas_MT,N_Precinto_Tapa_Inferior_MT4,4,INTEGER,10,True,47,,
B_21_Medición_Alturas,Id_Medición_Alturas,4,INTEGER,10,True,1,,
B_21_Medición_Alturas,Tarea,-9,VARCHAR,255,True,2,,
B_21_Medición_Alturas,Coche,-9,VARCHAR,255,True,3,,
B_21_Medición_Alturas,R1,-9,VARCHAR,255,True,4,,
B_21_Medición_Alturas,R2,-9,VARCHAR,255,True,5,,
B_21_Medición_Alturas,R3,-9,VARCHAR,255,True,6,,
B_21_Medición_Alturas,R4,-9,VARCHAR,255,True,7,,
B_21_Medición_Alturas,Susp_1-3,-9,VARCHAR,255,True,8,,
B_21_Medición_Alturas,Susp_2-4,-9,VARCHAR,255,True,9,,
B_21_Medición_Alturas,R5,-9,VARCHAR,255,True,10,,
B_21_Medición_Alturas,R6,-9,VARCHAR,255,True,11,,
B_21_Medición_Alturas,R7,-9,VARCHAR,255,True,12,,
B_21_Medición_Alturas,R8,-9,VARCHAR,255,True,13,,
B_21_Medición_Alturas,Susp_5-7,-9,VARCHAR,255,True,14,,
B_21_Medición_Alturas,Susp_6-8,-9,VARCHAR,255,True,15,,
B_22_Escobillas_MA,Id_Escobillas_MA,4,INTEGER,10,True,1,,
B_22_Escobillas_MA,Tarea,-9,VARCHAR,255,True,2,,
B_22_Escobillas_MA,Cantidad,4,INTEGER,10,True,3,,
B_23_Medición_Crítica,Id_Med_Crítica,4,INTEGER,10,True,1,,
B_23_Medición_Crítica,Tarea,-9,VARCHAR,255,True,2,,
B_23_Medición_Crítica,Coche,4,INTEGER,10,True,3,,
B_23_Medición_Crítica,Rueda,-9,VARCHAR,255,True,4,,
B_23_Medición_Crítica,QR,7,REAL,24,True,5,,
B_23_Medición_Crítica,Ancho,7,REAL,24,True,6,,
C_01_Materiales,Id_Mat_CSR,4,INTEGER,10,True,1,,
C_01_Materiales,NGA,4,INTEGER,10,True,2,,
C_01_Materiales,Cantidad,4,INTEGER,10,True,3,,
C_01_Novedades,Id_Novedades_CSR,4,INTEGER,10,True,1,,
C_01_Novedades,Coche,4,INTEGER,10,True,2,,
C_01_Novedades,Novedad,-9,VARCHAR,255,True,3,,
C_01_Novedades,Grupo,-9,VARCHAR,255,True,4,,
C_01_Novedades,Sub_Grupo,-9,VARCHAR,255,True,5,,
C_01_Novedades,Tipo_Novedad,-9,VARCHAR,255,True,6,,
C_01_Novedades,Motivo_Novedad,-9,VARCHAR,255,True,7,,
C_01_Novedades,OT_Resolución,-9,VARCHAR,255,True,8,,
C_01_Novedades,Fecha_Resolución,93,DATETIME,19,True,9,,
C_01_Novedades,Id_Nov_Mat,4,COUNTER,10,False,10,,
C_02_Mantenimientos,Id_Mantenimientos,4,INTEGER,10,True,1,,
C_02_Mantenimientos,Tarea,-9,VARCHAR,255,True,2,,
C_02_Mantenimientos,Observaciones,-9,VARCHAR,255,True,3,,
C_02_Mantenimientos,Km_Acumulado,4,INTEGER,10,True,4,,
C_03_Actuaciones_VCB,Id_VCB,4,INTEGER,10,True,1,,
C_03_Actuaciones_VCB,Tarea,-9,VARCHAR,255,True,2,,
C_03_Actuaciones_VCB,Actuaciones,-9,VARCHAR,255,True,3,,
C_04_Compresor_CSR,Id_CM_CSR,4,INTEGER,10,True,1,,
C_04_Compresor_CSR,Compresor,4,INTEGER,10,True,2,,
C_04_Compresor_CSR,Tarea,-9,VARCHAR,255,True,3,,
C_04_Compresor_CSR,Horas,4,INTEGER,10,True,4,,
C_04_Compresor_CSR,Starts,4,INTEGER,10,True,5,,
C_04_Compresor_CSR,Nivel,7,REAL,24,True,6,,
C_04_Compresor_CSR,Perdidas,-9,VARCHAR,255,True,7,,
C_04_Compresor_CSR,Agregado_Aceite,7,REAL,24,True,8,,
C_04_Compresor_CSR,Observaciones,-9,VARCHAR,255,True,9,,
C_06_Pastilla_Freno_Mínima,Id_Pastilla_Freno,4,INTEGER,10,True,1,,
C_06_Pastilla_Freno_Mínima,Tarea,-9,VARCHAR,255,True,2,,
C_06_Pastilla_Freno_Mínima,Coche,4,INTEGER,10,True,3,,
C_06_Pastilla_Freno_Mínima,Rueda,4,INTEGER,10,True,4,,
C_06_Pastilla_Freno_Mínima,Medida_Tomada,7,REAL,24,True,5,,
C_07_Placa_Pantógrafo,Id_Placa_Pantógrafo,4,INTEGER,10,True,1,,
C_07_Placa_Pantógrafo,Tarea,-9,VARCHAR,255,True,2,,
C_07_Placa_Pantógrafo,Medida_N1,7,REAL,24,True,3,,
C_07_Placa_Pantógrafo,Medida_N2,7,REAL,24,True,4,,
C_07_Placa_Pantógrafo,MC1,-9,VARCHAR,255,True,5,,
C_07_Placa_Pantógrafo,MC2,-9,VARCHAR,255,True,6,,
C_07_Placa_Pantógrafo,Cambio_MC1,-9,VARCHAR,255,True,7,,
C_07_Placa_Pantógrafo,Cambio_MC2,-9,VARCHAR,255,True,8,,
C_07_Placa_Pantógrafo,Motivo_MC1,-9,VARCHAR,255,True,9,,
C_07_Placa_Pantógrafo,Motivo_MC2,-9,VARCHAR,255,True,10,,
C_08_Organos_Parque,Id_Organos_Parque_CSR,4,INTEGER,10,True,1,,
C_08_Organos_Parque,Tarea,-9,VARCHAR,255,True,2,,
C_08_Organos_Parque,Organo_Parque,-9,VARCHAR,255,True,3,,
C_08_Organos_Parque,Coche,4,INTEGER,10,True,4,,
C_08_Organos_Parque,Posición,-9,VARCHAR,255,True,5,,
C_08_Organos_Parque,Número,4,INTEGER,10,True,6,,
C_08_Organos_Parque,Observaciones,-9,VARCHAR,255,True,7,,
C_08_Organos_Parque,Estado,-9,VARCHAR,255,True,8,,
C_09_Ensayo_Ultrasonido,Id_US_CSR,4,INTEGER,10,True,1,,
C_09_Ensayo_Ultrasonido,Tarea,-9,VARCHAR,255,True,2,,
C_09_Ensayo_Ultrasonido,Motivo,-9,VARCHAR,255,True,3,,
C_09_Ensayo_Ultrasonido,Realizado_por,-9,VARCHAR,255,True,4,,
C_09_Ensayo_Ultrasonido,Completo,-9,VARCHAR,255,True,5,,
C_09_Ensayo_Ultrasonido,Observaciones,-9,VARCHAR,255,True,6,,
C_10_Rodados,Id_Rodados,4,INTEGER,10,True,1,,
C_10_Rodados,R2_Motriz_Cab,4,INTEGER,10,True,2,,
C_10_Rodados,Rodado_Acople,4,INTEGER,10,True,3,,
C_10_Rodados,Motivo,-9,VARCHAR,255,True,4,,
C_10_Rodados,Estado,-9,VARCHAR,255,True,5,,
C_11_ATS,Id_ATS,4,INTEGER,10,True,1,,
C_11_ATS,Tarea,-9,VARCHAR,255,True,2,,
C_11_ATS,Diámetro_Cargado,4,INTEGER,10,True,3,,
C_11_ATS,Observaciones,-9,VARCHAR,255,True,4,,
C_16_Acople_Automático,Id_Acople_Automático,4,INTEGER,10,True,1,,
C_16_Acople_Automático,Tarea,-9,VARCHAR,255,True,2,,
C_16_Acople_Automático,MC1,7,REAL,24,True,3,,
C_16_Acople_Automático,MC2,7,REAL,24,True,4,,
C_18_Suplementos,Id_Suplemento,4,INTEGER,10,True,1,,
C_18_Suplementos,Coche,-9,VARCHAR,255,True,2,,
C_18_Suplementos,Bogie1,-9,VARCHAR,255,True,3,,
C_18_Suplementos,Bogie2,-9,VARCHAR,255,True,4,,
C_18_Suplementos,Suplemento,4,INTEGER,10,True,5,,
Errores de pegado,Id_Mantenimientos,8,DOUBLE,53,True,1,,
Errores de pegado,Tarea,-9,VARCHAR,255,True,2,,
Errores de pegado,Observaciones,-9,VARCHAR,255,True,3,,
Errores de pegado,Km_Acumulado,8,DOUBLE,53,True,4,,
Usuarios,ID_Usuario,4,COUNTER,10,False,1,,
Usuarios,Nombre_Usuario,-10,LONGCHAR,1073741823,True,2,,
Usuarios,Usuario,-9,VARCHAR,255,True,3,,
Usuarios,Pass,-9,VARCHAR,255,True,4,,
Usuarios,Admin,-7,BIT,1,False,5,,
Usuarios,Programación _Interno,-7,BIT,1,False,6,,
Usuarios,Datos,-7,BIT,1,False,7,,
Usuarios,Mostrar_Cinta_Opciones,-7,BIT,1,False,8,,
Usuarios,Activar_Shift,-7,BIT,1,False,9,,
Usuarios,UsuariosGeneral,-7,BIT,1,False,10,,
Usuarios,Programación,-7,BIT,1,False,11,,
